mean_fit_time,std_fit_time,mean_score_time,std_score_time,param_alpha,params,split0_test_score,split1_test_score,split2_test_score,split3_test_score,split4_test_score,mean_test_score,std_test_score,rank_test_score,Model Type,Training Data
0.15780301094055177,0.014690513894407774,0.004396867752075195,0.0008023188171355151,0.001,{'alpha': 0.001},10.109006147230879,10.073878967586683,10.143751852650107,9.462308277009123,9.603522640305307,9.87849357695642,0.2865284169660236,1,Lasso Regression,Full Dataset
0.026992940902709962,0.002962462939668726,0.0037994384765625,0.0009845414552798045,0.01,{'alpha': 0.01},10.109961273715713,10.063155847805918,10.146175018484396,9.470941299414635,9.610378902377809,9.880122468359694,0.28188716688587045,2,Lasso Regression,Full Dataset
0.025797271728515626,0.004355596165844066,0.004000425338745117,0.0006315097818948032,0.1,{'alpha': 0.1},10.162977479006384,10.09867168750209,10.181721733801618,9.556039923091102,9.642050898536715,9.928292344387582,0.2716021792526101,3,Lasso Regression,Full Dataset
0.03120145797729492,0.010421151317319861,0.004210519790649414,0.00039711911775456595,1,{'alpha': 1},10.4113357102665,10.381211755291144,10.487902469640424,9.872693662248649,9.983010710037766,10.227230861496896,0.24935697556547284,4,Lasso Regression,Full Dataset
0.01021275520324707,0.0014638661606292092,0.0029959678649902344,1.0070186654063642e-05,10,{'alpha': 10},15.591081700225981,15.682021510355757,15.09434044339971,15.069624287438373,15.562282449179294,15.399870078119823,0.26266318103968733,5,Lasso Regression,Full Dataset
