mean_fit_time,std_fit_time,mean_score_time,std_score_time,param_alpha,params,split0_test_score,split1_test_score,split2_test_score,split3_test_score,split4_test_score,mean_test_score,std_test_score,rank_test_score,Model Type,Training Data
0.07639522552490234,0.037807516353076394,0.0038054943084716796,0.00074848560204236,0.001,{'alpha': 0.001},9.602471789315247,10.255289351486791,11.33758628277055,8.977881645020826,9.0227195109547,9.839189715909622,0.8812311551047797,2,Lasso Regression,Full Dataset
0.1135927677154541,0.06367588508873435,0.0037996768951416016,0.00039938444027035546,0.01,{'alpha': 0.01},9.589445364157823,10.254070700824174,11.337107731153063,8.977820294608838,9.031848845884694,9.838058587325719,0.8800007973146086,1,Lasso Regression,Full Dataset
0.11079835891723633,0.04715351904996706,0.0043999671936035155,0.0008007580135053612,0.1,{'alpha': 0.1},9.605229332449031,10.329586649542039,11.411131472902206,9.017331343977837,9.142154251487147,9.901086610071653,0.8841245382370659,3,Lasso Regression,Full Dataset
0.04039678573608398,0.02345235933497341,0.006799030303955078,0.004706818151769843,1,{'alpha': 1},10.252607164214076,10.802438362916938,11.916545828670811,9.071663281996829,9.510096485952628,10.310670224750258,1.0000100190923658,4,Lasso Regression,Full Dataset
0.018598365783691406,0.016303070397917594,0.0037994861602783205,0.000980120694432768,10,{'alpha': 10},17.15327222688513,17.016913885000363,17.040964566761563,12.966135456091633,12.350332044509996,15.305523635849738,2.1707455430041667,5,Lasso Regression,Full Dataset
