mean_fit_time,std_fit_time,mean_score_time,std_score_time,param_alpha,params,split0_test_score,split1_test_score,split2_test_score,split3_test_score,split4_test_score,mean_test_score,std_test_score,rank_test_score,Model Type,Training Data
0.010743808746337891,0.000778309618936333,0.00505976676940918,0.0020109042930484167,0.001,{'alpha': 0.001},10.10773357779844,10.115802568301168,10.131699267156085,9.434988145358863,9.578165643770568,9.873677840477026,0.3032351020669031,3,Ridge Regression,Full Dataset
0.012508678436279296,0.003682405756015455,0.004199171066284179,0.0009766722804629062,0.01,{'alpha': 0.01},10.107654084438767,10.114731365413737,10.131881542046235,9.435425278997958,9.57856379566139,9.873651213311616,0.30287899883361985,2,Ridge Regression,Full Dataset
0.009307765960693359,0.0017788507209219764,0.0051993846893310545,0.001326596199955608,0.1,{'alpha': 0.1},10.10716421299097,10.105933065670817,10.133532026002893,9.439326412496232,9.582162712093648,9.873623685850912,0.29987490455740523,1,Ridge Regression,Full Dataset
0.010200119018554688,0.0020376469637993356,0.005397987365722656,0.0018546831785423337,1,{'alpha': 1},10.10813779190752,10.078635611102001,10.1412839994786,9.455775948109915,9.597792887859361,9.87632524769148,0.2895899403639545,4,Ridge Regression,Full Dataset
0.010199499130249024,0.0028127192824435794,0.006337213516235352,0.0013822727766841924,10,{'alpha': 10},10.109089518419028,10.065539829307587,10.148874830360796,9.46896901031267,9.606381593298433,9.879770956339703,0.28390630664878036,5,Ridge Regression,Full Dataset
