mean_fit_time,std_fit_time,mean_score_time,std_score_time,param_alpha,params,split0_test_score,split1_test_score,split2_test_score,split3_test_score,split4_test_score,mean_test_score,std_test_score,rank_test_score,Model Type,Training Data
0.050600099563598636,0.05588142179401374,0.006197786331176758,0.002925169786012096,0.001,{'alpha': 0.001},10.10773357779844,10.115802568301168,10.131699267156085,9.434988145358863,9.578165643770568,9.873677840477026,0.3032351020669031,3,Ridge Regression,Full Dataset
0.011401176452636719,0.002153808066199508,0.004197168350219727,0.0007500382550248245,0.01,{'alpha': 0.01},10.107654084438767,10.114731365413737,10.131881542046235,9.435425278997958,9.57856379566139,9.873651213311616,0.30287899883361985,2,Ridge Regression,Full Dataset
0.010798215866088867,0.0013265546408446542,0.0042000293731689455,0.0007460372883244076,0.1,{'alpha': 0.1},10.10716421299097,10.105933065670817,10.133532026002893,9.439326412496232,9.582162712093648,9.873623685850912,0.29987490455740523,1,Ridge Regression,Full Dataset
0.010802364349365235,0.002223034728307721,0.005396318435668945,0.0014972468347231903,1,{'alpha': 1},10.10813779190752,10.078635611102001,10.1412839994786,9.455775948109915,9.597792887859361,9.87632524769148,0.2895899403639545,4,Ridge Regression,Full Dataset
0.009601211547851563,0.0007998388174493879,0.004196786880493164,0.0003976458709013139,10,{'alpha': 10},10.109089518419028,10.065539829307587,10.148874830360796,9.46896901031267,9.606381593298433,9.879770956339703,0.28390630664878036,5,Ridge Regression,Full Dataset
