mean_fit_time,std_fit_time,mean_score_time,std_score_time,param_alpha,params,split0_test_score,split1_test_score,split2_test_score,split3_test_score,split4_test_score,mean_test_score,std_test_score,rank_test_score,Model Type,Training Data
0.00840296745300293,0.0010191731358883413,0.0035997867584228516,0.001017600589081972,0.001,{'alpha': 0.001},9.60381306070059,10.255419198023656,11.337947843742903,8.9790468705021,9.223768176883823,9.879999029970614,0.8467806636876658,5,Ridge Regression,Full Dataset
0.013817119598388671,0.0027921887700288798,0.0035849094390869142,0.0004794901336011799,0.01,{'alpha': 0.01},9.603812863594863,10.255422859167961,11.337939781567448,8.979023863127008,9.103422588257688,9.855924391142995,0.8665728319203464,4,Ridge Regression,Full Dataset
0.01018834114074707,0.0011797306314490666,0.004999971389770508,0.0010915836441082582,0.1,{'alpha': 0.1},9.603807603808118,10.255455803776593,11.337863355693099,8.97881921303402,9.017950733944716,9.838779342051309,0.8819722103185502,1,Ridge Regression,Full Dataset
0.008597850799560547,0.00048697534941031904,0.005202245712280273,0.0011670695714495972,1,{'alpha': 1},9.603606108205812,10.255649770376422,11.337257977660888,8.977691160141799,9.020609555282364,9.838962914333456,0.8815214250169433,3,Ridge Regression,Full Dataset
0.00839691162109375,0.0007995158279222007,0.003799724578857422,0.000748983523457707,10,{'alpha': 10},9.601426418731036,10.257478952484115,11.333929242219066,8.97266011530349,9.028427111801454,9.838784368107833,0.8802218186166215,2,Ridge Regression,Full Dataset
